[{"2018-11-15":[{"nvidia":0,"chip":10,"chips":9,"analysts":4,"expectations":1,"expected":7,"quarter":9,"huang said prices":0,"revenue":5,"chan analyst":0,"billion":6,"expects inventories":1,"cryptocurrency mining":3,"priced":2,"percent":11,"years":1,"year":4,"shares":1,"share":4,"demand":5,"gaming":4,"inventory":3,"frenzy":2,"forecast":2,"amazon":0,"francisco":0,"micron":0,"job":1,"products":1,"overall":2,"intelligence":1,"rose":3,"sales":3,"computers":1,"trading":2,"trade":1,"earlier":2,"cloud computing services":1,"hangover lasted":1,"closed":1,"closely":1,"data":5,"rival":1}],"2018-06-25":[{"trade":7,"trading":2,"percent":8,"markets":3,"market":4,"companies":5,"company":1,"indexes":2,"index fell":1,"economics":1,"economic":2,"makers":1,"maker":2,"industrial":3,"industrials":1,"tech shares":0,"european":0,"including":2,"manufacturers":1,"manufacturer":2,"like":3,"american":0,"trump":0,"yield":1,"impact":3,"impacts":1,"hard":1,"dropped":2,"drops":1,"economy":1,"lynch":0,"states":0,"merrill":0,"tariffs":2}],"2018-01-18":[{"toronto":0,"canadian":0,"new":1,"funded":1,"funding":1,"city":3,"cities":1,"states":0,"major technology":1,"amazon":0,"develop":3,"developing plans":1,"engineers":1,"region":3,"plan":2,"schedule":1,"skilled":1,"company":1,"deal":2,"muslim":0,"ontario":0,"prices":2,"abandoned":1,"kathleen":0,"bid":2,"costs":1,"real":1,"speed":1,"google engineering":0,"immigration":2,"headquarters":3}],"2018-05-08":[{"chips":13,"chip called":1,"said":10,"companies":8,"gpu":0,"gpus":0,"technology":4,"company recently":1,"new":4,"supply":6,"like":3,"malong":0,"market":4,"markets":1,"technologies rely":0,"alternative":2,"alternatives":1,"mining digital":1,"prices":3,"price":4,"kevin":0,"months":2,"month":4,"scott":0,"bought":3,"computers":1,"computing":1,"tech niches":1,"recent":3,"ethereum":0,"start":2,"exercise":1,"job":1,"research":3,"researcher":1,"real":2,"percent":4,"coins":2,"valley":0,"worth":2,"zeiler":0,"systems":2,"relies":1,"produces":1,"produce":2,"producing":1,"miners":4,"relatively":1,"electrical":1,"data":3,"graphics":2,"unit":2,"united":0,"number":2,"numbers":1}],"2018-02-12":[{"google":0,"chip":26,"chips":19,"said":9,"like":5,"service":8,"services":3,"technology":3,"technologies":1,"called":3,"calls":1,"hardware":5,"new":7,"lyft":0,"processes":1,"processing":2,"helped":1,"helps":1,"help power":1,"internet":4,"computers":1,"computing":4,"makers":4,"maker":5,"vast":1,"costs":2,"small":2,"david":0,"street":1,"lower":1,"view":0,"science":2,"inside":3,"insiders":1,"networking":2,"networks":1,"network":4,"buy":4,"buying":2,"buys":1,"phones":2,"phone":4,"commands":2,"data":4,"intelligence":3,"business":3,"businesses":2,"recognize":3,"recognizes":1}],"2018-01-05":[{"mike":0,"farhad":0,"companies like":1,"meltdown":0,"tech":6,"software":3,"biggest":3,"times":0,"time":1,"data":3,"called":2,"social media":1,"new":3,"news":2,"paul":0,"year":6,"isaac technology":0,"facebook":0,"raising":1,"require":1,"story":1,"stories":1,"thing":7,"things":1,"affect":1,"rightly":1,"culture writ":1,"issue":3,"technical issues":1,"mirror":0,"black":0,"cloud service":1,"hey":6,"german":0,"allow":1,"food went":0,"jean":0,"mark":0}],"2018-01-03":[{"flaws":8,"flaw":20,"security":9,"secure":1,"chip":9,"chips":5,"said":10,"spectre":0,"run":7,"runs":1,"new":7,"news":3,"likes":1,"including":4,"problems called":0,"intel":0,"companies like":2,"processors":6,"processor":9,"researchers":10,"researcher":11,"research":13,"computers":6,"computing":3,"google":0,"software patch":3,"customers":5,"customer":7,"fix":9,"fixed":1,"operate":1,"operations":1,"operating":4,"servers running":1,"company":2,"cloud":6,"affects":4,"affected":2,"problem":10,"website":3,"websites":2,"services":3,"service":7,"linux":0,"life":1,"memory":1,"issue":6,"issues":2,"issuing":1,"business":4,"discovered":9,"amazon":0,"giant":2,"data":3,"technology":2,"gruss":0,"stefan":0,"way":4,"ways":1,"server":4,"patches":1,"lipp":0,"moritz":0}],"2018-01-08":[{"said":13,"security":9,"updates":5,"update":10,"updating":1,"software":16,"flaws":7,"flaw":9,"meltdown":0,"intel":0,"likely":2,"like":7,"chips":7,"chip":11,"companies":4,"company":4,"microsoft":0,"customers":4,"patch":10,"patches":5,"patched":2,"patching":1,"spectre":0,"code":4,"app":9,"apps":2,"affect":4,"affects":1,"affecting":1,"affected":1,"systems":3,"help":3,"hackers":6,"hacker":7,"machine":11,"machines":8,"passwords":3,"called":2,"cloud computing services":3,"similar":1,"computers":2,"windows operating":0,"explorer":0,"changes":2,"functioning":1,"problems":2,"problem":7,"including":2,"includes":1,"service":7,"amazon":0,"performance":2}],"2017-07-10":[{"intel":5,"data centers":5,"chips":13,"chip":19,"computers":2,"computing":4,"processors":4,"processor":10,"said":8,"new competitive":1,"customers like":1,"technology research":1,"tasks":4,"competition":2,"analyst":5,"processing":5,"intelligence":5,"array":3,"arrays":2,"designs":2,"designing":1,"nervana":0,"prices analysts":0,"profitability":1,"profitable":2,"profit":4,"xeon":0,"amounts":3,"learn specific":1,"executive":2,"better":1,"road":2,"path":2,"cop":2,"code":3,"want":4,"calif":0,"valley giant":0,"giants":1,"price nearly":1,"major":1,"making":2,"year":5,"years":1,"integrate":2,"integrated":1,"industry":3,"images recognize speech":0,"specialized":3}],"2014-08-25":[{"":1}],"2014-08-23":[{"":1}],"2017-10-25":[{"":1}],"2015-02-02":[{"":1}],"2015-02-17":[{"":1}],"2015-02-08":[{"":1}],"2015-02-10":[{"":1}],"2005-12-14":[{"":1}],"2004-06-17":[{"":1}],"2004-08-19":[{"":1}],"2003-10-19":[{"":1}],"2004-03-05":[{"":1}],"2001-03-06":[{"":1}],"2000-12-12":[{"":1}],"2003-05-29":[{"":1}],"2003-11-27":[{"":1}],"2000-08-31":[{"":1}],"2004-04-01":[{"":1}],"2002-08-08":[{"":1}],"2002-11-14":[{"":1}],"2001-11-08":[{"":1}],"2000-11-18":[{"":1}],"2001-01-18":[{"":1}],"2000-12-04":[{"":1}],"2000-12-28":[{"":1}],"1999-11-25":[{"":1}],"1999-10-28":[{"":1}],"1999-10-07":[{"":1}],"1999-01-14":[{"":1}],"1999-03-04":[{"":1}],"1999-07-08":[{"":1}],"1999-02-22":[{"":1}],"1998-12-03":[{"":1}],"1999-08-12":[{"":1}],"1998-07-20":[{"":1}],"2000-03-30":[{"":1}],"1999-09-22":[{"":1}],"1999-11-18":[{"":1}],"1998-07-02":[{"":1}],"1999-06-11":[{"":1}],"1999-02-18":[{"":1}],"1998-12-10":[{"":1}],"1998-11-19":[{"":1}],"1995-10-12":[{"":1}],"1997-06-10":[{"":1}],"1997-04-08":[{"":1}],"1994-07-04":[{"":1}],"1995-08-02":[{"":1}],"1996-02-19":[{"":1}],"1995-07-11":[{"":1}],"1994-11-02":[{"":1}],"1994-03-03":[{"":1}],"1993-12-01":[{"":1}],"1993-11-12":[{"":1}],"1991-02-01":[{"":1}],"1990-01-17":[{"":1}],"1988-05-10":[{"":1}],"1987-06-11":[{"":1}],"1988-09-11":[{"":1}],"1986-06-27":[{"":1}],"1985-06-05":[{"":1}],"1985-09-28":[{"":1}],"1985-05-31":[{"":1}],"1984-06-26":[{"":1}],"1984-02-18":[{"":1}],"1983-11-15":[{"":1}],"1984-05-22":[{"":1}],"1983-04-22":[{"":1}],"1983-02-28":[{"":1}],"1982-05-06":[{"":1}],"1981-02-18":[{"":1}],"1981-08-20":[{"":1}],"1981-03-05":[{"":1}]},["https://www.nytimes.com//reuters/2018/11/15/technology/15reuters-nvidia-results.html","https://www.nytimes.com//2018/06/25/business/stock-markets-activity.html","https://www.nytimes.com//2018/01/18/business/why-toronto-made-the-playoffs-for-amazons-headquarters.html","https://www.nytimes.com//2018/05/08/technology/gpu-chip-shortage.html","https://www.nytimes.com//2018/02/12/technology/google-artificial-intelligence-chips.html","https://www.nytimes.com//2018/01/05/technology/week-in-tech-security-flaw.html","https://www.nytimes.com//2018/01/03/business/computer-flaws.html","https://www.nytimes.com//2018/01/04/technology/meltdown-spectre-questions.html","https://www.nytimes.com//2017/07/10/technology/intel-artificial-intelligence-processing-chips.html","https://www.nytimes.com/http://bits.blogs.nytimes.com/2011/11/07/amd-betting-on-power-consumption/","https://www.nytimes.com/http://bits.blogs.nytimes.com/2014/01/21/ibm-the-cloud-taketh-away/","https://www.nytimes.com/http://bits.blogs.nytimes.com/2014/01/23/ibm-happy-to-be-rid-of-low-end-server-business/","https://www.nytimes.com/http://bits.blogs.nytimes.com/2013/09/10/intels-extensive-makeover/","https://www.nytimes.com/http://bits.blogs.nytimes.com/2013/04/08/microsoft-sheds-old-tv-baggage-to-focus-on-new-xbox/","https://www.nytimes.com/http://bits.blogs.nytimes.com/2013/01/22/tsmc-anticipates-big-orders-is-apple-one-of-them/","https://www.nytimes.com//2012/10/17/technology/intel-reports-lower-earnings.html","https://www.nytimes.com//2012/07/18/technology/intels-net-income-rises-but-company-warns-of-slower-growth.html","https://www.nytimes.com/http://bits.blogs.nytimes.com/2011/12/13/daily-report-intel-sees-an-opportunity-in-drives-shortage/","https://www.nytimes.com/http://bits.blogs.nytimes.com/2012/04/17/where-enterprise-enemies-hug/","https://www.nytimes.com//2012/01/16/technology/ultrabooks-embraced-by-pc-makers-at-ces.html","https://www.nytimes.com/http://gadgetwise.blogs.nytimes.com/2011/01/06/hps-new-dm1-laptop-keeps-its-cool/","https://www.nytimes.com/http://gadgetwise.blogs.nytimes.com/2011/02/24/apple-announces-new-macbook-pros/","https://www.nytimes.com/http://query.nytimes.com/gst/fullpage.html?res=9C06E4DE173EF930A25757C0A9679D8B63","https://www.nytimes.com/http://bits.blogs.nytimes.com/2009/09/11/so-long-cpu-wars-it-was-fun/","https://www.nytimes.com/http://gadgetwise.blogs.nytimes.com/2010/01/06/netbook-trio-uses-new-intel-chip/","https://www.nytimes.com/http://gadgetwise.blogs.nytimes.com/2010/09/03/how-to-pep-up-a-cheap-pc/","https://www.nytimes.com/http://gadgetwise.blogs.nytimes.com/2009/11/17/zino-attacks-the-mini-space/","https://www.nytimes.com/http://gadgetwise.blogs.nytimes.com/2009/07/24/let-the-back-to-school-sales-begin/","https://www.nytimes.com/http://pogue.blogs.nytimes.com/2009/03/02/south-of-the-border-down-mexico-way/","https://www.nytimes.com/http://executivesuite.blogs.nytimes.com/2008/07/21/my-life-as-a-blogger-week-1/","https://www.nytimes.com//2008/08/04/technology/04intel.html","https://www.nytimes.com/http://bits.blogs.nytimes.com/2007/08/07/intels-approach-to-laptops-for-poor-children/","https://www.nytimes.com//2006/05/30/technology/30chip.html","https://www.nytimes.com//2007/05/29/technology/29video.html","https://www.nytimes.com//2007/01/11/technology/11askk.html","https://www.nytimes.com//2005/12/14/technology/14place.html","https://www.nytimes.com/http://query.nytimes.com/gst/fullpage.html?res=9400E5D71E3FF930A3575BC0A9639C8B63","https://www.nytimes.com/http://tech2.nytimes.com/2004/09/30/technology/circuits/30askk.html","https://www.nytimes.com//2004/06/17/technology/computers-chase-the-checkered-flag.html","https://www.nytimes.com//2004/08/19/technology/news-watch-laptops-twist-the-screen-and-a-notebook-has-something-to-grow-on.html","https://www.nytimes.com/http://tech2.nytimes.com/2005/02/03/technology/circuits/03askk.html","https://www.nytimes.com/http://query.nytimes.com/gst/fullpage.html?res=980CEED71030F930A15751C1A9629C8B63","https://www.nytimes.com//2003/10/19/business/market-watch-fawning-analysts-betray-investors.html","https://www.nytimes.com//2004/03/05/business/technology-intel-narrows-its-estimate-of-revenue.html","https://www.nytimes.com//2001/03/06/business/technology-briefing-hardware-nec-will-use-amd-chips-in-foreign-pc-s.html","https://www.nytimes.com//2000/12/12/business/technology-briefing-hardware-amd-warns-of-weaker-sales.html","https://www.nytimes.com//2003/05/29/technology/news-watch-video-software-anoints-the-pc-as-an-alternative-to-tivo.html","https://www.nytimes.com//2003/11/27/technology/what-s-next-on-a-cheap-plastic-grid-gigabytes-galore.html","https://www.nytimes.com//2000/08/31/business/technology-briefing-hardware-head-of-amd-chip-unit-resigns.html","https://www.nytimes.com//2004/04/01/technology/for-those-who-play-laptops-get-serious.html","https://www.nytimes.com//2002/08/08/technology/q-a-the-pentium-class-chip-and-its-low-cost-cousin.html","https://www.nytimes.com//2002/11/14/technology/basics-the-old-computer-upgrade-or-retire.html","https://www.nytimes.com//2001/11/08/technology/q-a-how-to-mate-your-laptop-with-a-wireless-network.html","https://www.nytimes.com//2000/11/18/business/company-news-investors-make-another-bid-for-guest-supply.html","https://www.nytimes.com//2001/01/18/technology/news-watch-lower-cost-desktops-pitched-to-music-fans.html","https://www.nytimes.com//2000/12/04/business/new-economy-executives-see-trouble-spreading.html","https://www.nytimes.com//2000/12/28/technology/state-of-the-art-higher-stronger-slower.html","https://www.nytimes.com//1999/11/25/technology/news-watch-pc-s-are-adopting-new-shapes-one-just-a-bit-too-familiar.html","https://www.nytimes.com//1999/10/28/technology/state-of-the-art-faster-and-faster-but-why.html","https://www.nytimes.com//1999/10/07/business/advanced-micro-says-loss-is-smaller-than-expected.html","https://www.nytimes.com//1999/01/14/technology/state-of-the-art-whoosh-the-next-pentium.html","https://www.nytimes.com//1999/03/04/technology/state-of-the-art-you-say-you-want-evolution.html","https://www.nytimes.com//1999/07/08/technology/when-the-home-pc-is-a-homemade-pc.html","https://www.nytimes.com//1999/02/22/business/business-digest-446254.html","https://www.nytimes.com//1998/12/03/technology/state-of-the-art-new-pc-how-to-kick-the-tires.html","https://www.nytimes.com//1999/08/12/technology/state-of-the-art-peace-love-and-quake.html","https://www.nytimes.com//1998/07/20/business/amd-motorola-to-develop-copper-chips.html","https://www.nytimes.com//2000/03/30/technology/speak-softly-carry-a-big-chip.html","https://www.nytimes.com//1999/09/22/business/digital-dressing-rooms-and-other-new-twists.html","https://www.nytimes.com//1999/11/18/technology/state-of-the-art-how-fast-how-much.html","https://www.nytimes.com//1998/07/02/technology/news-watch-the-600-pc-is-here-is-anybody-for-500.html","https://www.nytimes.com//1999/06/11/business/international-business-no-1-its-bankruptcy-class-company-thailand-starts-get-its.html","https://www.nytimes.com//1999/02/18/technology/state-of-the-art-good-enough-computers.html","https://www.nytimes.com//1998/12/10/technology/state-of-the-art-go-cheap-or-buy-the-best.html","https://www.nytimes.com//1998/11/19/technology/state-of-the-art-monitors-get-skinnier-and-a-phone-for-your-tie.html","https://www.nytimes.com//1995/10/12/business/advanced-micro-devices-inc-amdn-reports-earnings-for-3d-qtr-to-oct-1.html","https://www.nytimes.com//1997/06/10/business/digital-to-sell-pc-s-based-on-advanced-micro-s-chips.html","https://www.nytimes.com//1997/04/08/business/two-chip-makers-surprise-wall-street-with-earnings.html","https://www.nytimes.com//1994/07/04/business/advanced-micro-devices-amdn-reports-earnings-for-qtr-to-jun-26.html","https://www.nytimes.com//1995/08/02/business/thiokol-corp-tkcn-reports-earnings-for-qtr-to-jun-30.html","https://www.nytimes.com//1996/02/19/business/canadian-publishers-offer-editions-in-chinese.html","https://www.nytimes.com//1995/07/11/business/company-reports-advanced-micro-devices-says-earnings-fell-1.3-in-quarter.html","https://www.nytimes.com//1994/11/02/business/united-wisconsin-services-inc-uwzn-reports-earnings-for-qtr-to-sept-30.html","https://www.nytimes.com//1994/03/03/business/rykoff-sexton-inc-reports-earnings-for-qtr-to-jan-29.html","https://www.nytimes.com//1993/12/01/business/grasso-corp-reports-earnings-for-qtr-to-sept-30.html","https://www.nytimes.com//1993/11/12/business/mdc-holdings-reports-earnings-for-qtr-to-sept-30.html","https://www.nytimes.com//1991/02/01/business/report-calls-for-washington-to-overhaul-export-policies.html","https://www.nytimes.com//1990/01/17/business/northwest-and-delta-match-12-surcharge-for-fuel-cost.html","https://www.nytimes.com//1988/05/10/business/saudis-reportedly-map-changes-for-aramco.html","https://www.nytimes.com//1987/06/11/business/business-digest-thursday-june-11-1987.html","https://www.nytimes.com//1988/09/11/business/drexel-burnham-fights-back.html","https://www.nytimes.com//1986/06/27/business/for-itt-an-illusory-promise.html","https://www.nytimes.com//1985/06/05/business/japanese-chip-dumping-cited.html","https://www.nytimes.com//1985/09/28/business/japan-seen-target-of-chip-plea.html","https://www.nytimes.com//1985/05/31/business/accord-on-split-of-getty-trust.html","https://www.nytimes.com//1984/06/26/business/briefs-debt-ratings.html","https://www.nytimes.com//1984/02/18/business/rio-grande-industries-inc-reports-earnings-for-qtr-to-dec-31.html","https://www.nytimes.com//1983/11/15/business/leucadia-national-corp-reports-earnings-for-qtr-to-sept-30.html","https://www.nytimes.com//1984/05/22/business/talking-business-with-matters-of-us-home-less-buoyant-housing-view.html","https://www.nytimes.com//1983/04/22/business/alleghany-corp-reports-earnings-for-qtr-to-march-31.html","https://www.nytimes.com//1983/02/28/business/business-people-a-new-chief-for-epyx-game-software-maker.html","https://www.nytimes.com//1982/05/06/business/executive-changes-115839.html","https://www.nytimes.com//1981/02/18/business/finance-briefs-009528.html","https://www.nytimes.com//1981/08/20/business/earnings-sears-federated-lead-retail-gains.html","https://www.nytimes.com//1981/03/05/business/oil-concerns-inflate-prices-ottawa-says.html","https://www.nytimes.com/http://query.nytimes.com/gst/abstract.html?res=9C03E7D61E39F931A15751C1A966948260"]]