[{"2018-06-13":[{"mall":15,"malls":2,"store":13,"stores":7,"said":9,"dresses":1,"dress":3,"retail":7,"retailers":1,"years":4,"year":7,"shopping":5,"shelter":19,"housing":3,"housed":1,"city":5,"group":2,"smith":0,"room":8,"space":4,"spaces":1,"offices":2,"figure":2,"mikias":0,"like":2,"hughes":0,"shannon":0,"commander":0,"parks":1,"parking":1,"number":1,"vice":1,"tiles":1,"catholic":0,"brands":1,"green":1,"trouble":1,"company":1,"director":1,"suit":2,"counters":1,"counter":2,"school":1,"landmark":0,"new":5,"outside":2,"remembered":1,"remembers":1,"property":2,"properties":0,"shoes":3,"included":1,"include":3,"boys":0,"shopper":2,"roebuck":0,"shoppers":1,"crew set":1,"volunteers brought":0,"beds hot":0,"quoted":1,"powered camping":1,"theodore":0,"beckoning":1,"opened":0,"opening":1,"open":4,"old":3,"macy":0}],"2018-02-08":[{"muslim":0,"muslims":0,"fashion":7,"fashionable":2,"hijabs":2,"hijab":11,"clothing including":0,"collection":3,"women":7,"retailer":5,"retailers":4,"retail":6,"released collections":1,"release":4,"year":7,"years":3,"wear":4,"wearing":3,"macy":0,"global":0,"report":5,"spending":2,"business":2,"said":7,"religious":2,"younger":3,"nurture businesses":1,"consumers":1,"consumer":1,"shipping":1,"economic":1,"mattel":0,"sales":2,"line":3,"islam":0,"islamic":0,"consists":1,"consistently":1,"designed":1,"designer":2,"beach towns":1,"fencer":1,"white":0,"bathing suit":1,"named":1,"ibtihaj":0,"stores":2,"store chain announced":1,"according":2}],"2017-11-09":[{"retail":5,"retailer":4,"macy":0,"said":8,"traditional retailers":1,"sales":5,"store":9,"stores":7,"online":3,"people":1,"basis earnings":0,"results":2,"hills":0,"los":2,"percent":4,"francisco":0,"calif":0,"early":2,"comparable":0,"quarterly":1,"holiday":2}],"2018-11-26":[{"company":2,"companies":2,"monday":0,"stocks":2,"maker":3,"members":1,"deal":1,"week":2,"weeks":1,"financial":2,"investor":1,"shopping":1,"season":1},{"retailers":6,"retail":11,"retailer":8,"said":7,"discounts":3,"discounted":2,"online":4,"shoppers":6,"adobe":0,"day":19,"sales":7,"shopping":3,"order":2,"orders":1,"offered":1,"target":0,"monday":1,"emails":3,"offering free":1,"billion":5,"based":2,"amazon":0,"outage tracker":1,"store":2,"stores":1,"coast":0,"percent":9,"shares":1,"outages":1,"estimated":2,"estimate":4,"estimates":1,"including":3,"melissa":0,"sampath":0,"angeles":0,"group":0,"observers":1,"payments":1,"payment":2,"media":2,"evening":2,"improvement":1,"chain":2,"street investors":0,"leslie":0,"mazzilli":0,"mastercard":0,"according":2}],"2018-11-27":[{"retailers":9,"retail":12,"said":13,"store sales":2,"stores":4,"shoppers":2,"shopper":4,"year":12,"corp":0,"open":11,"opening":4,"openings":1,"opened":1,"shift":2,"consultancy":2,"consultants":2,"shopped":1,"shopping":2,"shop":8,"flickinger":0,"demand":2,"york":0,"holiday":3,"discounting early":1,"johnson":0,"thanksgiving":0,"thursday":0,"profit":3,"socially":1,"outliers":1,"surprisingly":1,"firm":1,"running":1,"profitably increased":2,"according":2,"gave different":1,"fell":3,"hours discounts":0,"base":2,"based":1,"friday":0,"weekend":6,"chief":1,"sears":0,"higher":1},{"retailers":9,"retail":12,"said":13,"store sales":2,"stores":4,"shoppers":2,"shopper":4,"year":12,"corp":0,"open":11,"opening":4,"openings":1,"opened":1,"shift":2,"consultancy":2,"consultants":2,"shopped":1,"shopping":2,"shop":8,"flickinger":0,"demand":2,"york":0,"holiday":3,"discounting early":1,"johnson":0,"thanksgiving":0,"thursday":0,"profit":3,"firm":1,"surprisingly":1,"running":1,"socially":1,"outliers":1,"profitably increased":2,"according":2,"gave different":1,"fell":3,"hours discounts":0,"base":2,"based":1,"friday":0,"weekend":6,"chief":1,"sears":0,"higher":1}],"2018-11-20":[{"earnings":3,"earned":1,"holiday":3,"drivers":1,"driver":2,"store":3,"sales":3,"end":2,"ended":1,"besanko":0,"shares":2,"share":4,"higher":3,"retailers":2,"retail":3,"rising":1,"rise":1,"estimates":1,"estimate":4,"freight":1,"away":1,"lately":1,"trading":1,"analyst":4,"analysts":2,"forecast":3,"outlook":2,"outlooks":1,"billion":2},{"percent":14,"quarter":9,"target":0,"sales":6,"said":10,"margins":3,"margin":5,"holiday":3,"shares":2,"share":5,"analysts":0,"analyst":1,"business higher":0,"inventories":3,"cornell":0,"spending":2,"year":5,"street":0,"missed":2,"product":1,"minimum":2,"york":0,"expectations":1,"expected":1,"expects":2,"platform":1,"trading":1,"brian":0,"free":2,"stores":1,"store":3,"boosted consumer":1,"market":2,"boost":2}],"2018-11-19":[{"brands":2,"brand":8,"said":8,"percent":7,"sales":3,"management":1,"managing":1,"retail":2,"stores":3,"analyst":3,"analysts":2,"estimate":4,"estimates":3,"dividend":3,"monaco":0,"new":2,"ralph":0,"fell":2,"rose":2,"topping":2,"jan":0,"john":0,"structure":1,"estate":1,"ordinary":1,"mehas":0,"singer effective":0,"chief":1,"stiff":1,"fashion":1}],"2018-11-23":[{"retailers":5,"retailer":6,"retailing":1,"retail":12,"said":10,"sales":8,"sale":9,"online":7,"toy":7,"toys clothing":0,"holiday":4,"overall":3,"discounts":4,"discounted":1,"discount":6,"site":3,"deal":3,"deals":2,"percent":17,"prices":1,"square":1,"annual":2,"offering":1,"offered":5,"stores":5,"store":11,"manhattan":0,"cruz":0,"telsey":0,"year":9,"years":1,"wages gave":1,"york":0,"angeles":0,"walmart":0,"shoppers":3,"jones":0,"payments":1,"payment":2,"home":1,"story":1,"slightly":1,"zieminski":0,"spent":3,"friday":0,"target":0,"graham":0,"united":0,"saumyadeb":0,"states":0,"fashion":0,"amo":1,"days":1,"day":14,"according":3,"chicago":0,"strong":1,"numbers":2,"consumers":2,"coach":0,"wallet":1,"virginia":0,"hot":1,"showed":2,"report":3,"reported":1,"reporting":1,"executive":0,"told":1,"healthy":2},{"holiday":5,"companies":2,"company":3,"sales":3,"york":0,"friday shoppers":0,"stores":4,"store":6,"retailers":0,"retail":0,"brake":2,"shopping":3,"lost":3,"japanese":0,"including":2,"stocks":2,"ghosn":0,"crude oil":1,"fell":2,"percent":10,"soft":2,"want":3,"wanted":1,"following":1,"time":2,"hours":2,"board games":1,"year according":0,"international":1,"voted":2,"fires":1,"fired":1,"reports":1,"millions":1,"million":3,"global economy":1,"deals":2,"online":3,"states":2,"ruling":2,"points":4,"adults":1,"world":0}],"2018-11-22":[{"stores":2,"store":4,"goods":4,"good":5,"thursday":0,"day":13,"days":1,"israeli":0,"company":5,"stock markets":1,"draft":2,"british":0,"listing":2,"listings":1,"ghosn":0,"country":2,"airbnb":0,"andrade":0,"venezuela":0,"market":1,"retailers":1,"debt relief":2,"growth":1,"following":1,"including":1,"include":1,"bailout":1,"enclave":1,"action":1,"holiday":3,"___nissan":0,"nissan":0,"european":0,"prosecutors":1,"prosecutor":2,"linesnew":0,"long":2,"shaun":0,"wide":1,"analyst":0,"fires":1,"fired":1,"street":0,"asia":0,"political":1},{"said":27,"retailers":11,"retail":20,"retailer":12,"friday":0,"shop":38,"shops":2,"days":7,"day":82,"online":14,"holiday shopping":4,"sales":14,"sale":17,"store":19,"stores":9,"consumers":7,"thanksgiving":0,"black":0,"new":6,"years":2,"year":25,"shoppers head":1,"start":10,"starting":2,"started":1,"holidays":3,"like":7,"likely":1,"news media":1,"people":10,"zach":0,"consumer bonanza":1,"home":5,"david":0,"discounted":1,"discount":7,"discounts":4,"discounting":1,"monday":0,"recent":5,"recently":1,"offers":0,"offering":2,"offer":3,"billion":9,"mall":7,"malls":1,"christmas":0,"weather":4,"goods":2,"deals":8,"deal":9,"especially good":1,"post":4,"posted":1,"american":0,"americans":0,"orders":1,"order":3,"ordering":1,"alibaba":0,"buy":4,"buying":1,"customers":3,"customer":3,"percent":9,"price":3,"long":6,"ago":2,"manageable":1,"managing":1,"management":1,"game":3,"appear":4,"appeared":1,"old":11,"michael":0,"labor":3,"amazon":0,"free":4,"business":1,"busy":2,"click":1,"social":4,"fine soon":1,"instead":1,"matt":1,"places":1,"place":4,"promotions":2,"promote":2,"promotional":1,"target":0,"county":0,"factor":1,"enduring":1,"santa":0,"laura":0,"nearby":1,"furnishing":1,"consumerism":3,"phones":5,"phone":6,"compared":4,"time":6,"times":0,"analytics":0,"according":4,"saturday":0,"urges":1,"urged":1,"york":0,"plan":5,"plans":2,"planned":2,"standish":0,"bargain":2,"bargains":1,"morning":2,"join":3,"joined":2,"apple":0,"fair":2,"companies":1,"company":5,"celebration":1,"dystopian":1,"stuart":0,"tiffany":0,"drops":1,"heading":1,"adobe":0,"emmrichchina celebrated":0,"include":1,"school":1,"shipping":1,"strong":3,"phenomenon":1,"trees":1,"deep including":0,"coming":2,"come":6,"comes":1,"family":4,"began":2,"outdoor":2,"boxing":0,"gusto":1,"influencer":1,"analysis":2,"nov":0,"big":5,"dollars":2}],"2018-01-12":[{"sales":12,"retail":11,"retailers":4,"holidays":2,"holiday":7,"said":6,"increased":5,"increase":7,"consumers":1,"stores":4,"numbers showed":1,"growth":4,"consumer confidence":1,"online":2,"year":6,"percent":10,"began":2,"business":2,"took":1,"months":1,"stanley":0,"offering":1,"disasters":2,"disaster":3,"companies":0,"company":2,"earlier according":0,"offered deep":1,"areas":2,"rebuilding":2,"economy":1,"building":4,"data":2,"johnson":0,"department":1},{"said":24,"bezos":0,"amazon executive":0,"businesses":2,"time":13,"times":2,"public":15,"publicity":1,"new":9,"news":3,"like":10,"likely":1,"states":2,"state":9,"stately":1,"jeff":0,"business largely avoiding":0,"retailers":3,"retailer":4,"growing":6,"companies":2,"company":18,"house":7,"washington":1,"post":2,"posting":1,"office":3,"officer":1,"jobs":6,"job":8,"seattle":0,"local":3,"sales tax":6,"internet":5,"party":3,"year":10,"years":3,"fund":2,"corporate":3,"dinner parties":1,"political":3,"politics":2,"dinners":1,"tweet":3,"tweeted":1,"sally":0,"big":2,"works":1,"worked":1,"work":7,"starting":2,"started":2,"start":8,"people":9,"executives":2,"chief":6,"avoid":3,"began":3,"change":2,"president":3,"government":3,"governments":1,"museum":1,"person":6,"personal":2,"personality":1,"critical":3,"critics":2,"criticized":1,"life":1,"loses":1,"negotiating":1,"opportunity":1,"opportunities":1,"cowboy":1,"jared":0,"quickly":2,"college":1,"drew":0,"advocacy group":1,"politicians":2,"standing":2,"case":2,"talking":2,"talked":1,"talk":4,"details":3,"physical":2,"market":2,"markets":0,"calls":1,"called":2,"trump":1,"campaign":4,"campaigned":1,"chris":0,"berry":0,"publicly":2,"lobbying":1,"discuss":3,"discussions":2,"singles":1,"single conversation":1,"extensive renovations":1,"culture":2,"donated":1,"books":2,"book":6,"million donation":1,"point":2,"juxtaposing":1,"steve":0,"communities":2,"community":1,"communicates":1,"california":0,"nonprofit":3,"creating":3,"create":1,"employee":7,"employees":5,"deals":1,"deal":3,"echo speaker":0,"kindle electronic":0,"publisher":4,"publishers":1,"published":2,"article":4,"faces":1,"facing":2,"faced":3,"face":5,"echoes":0,"kindles":0,"include":2,"immigrants":1,"york":0,"similar":1}],"2017-12-21":[{"stores":10,"holiday":18,"department store":10,"christmas":0,"said":15,"windows":17,"window":23,"year":6,"years":2,"train":4,"shopping":3,"product":2,"model trains":1,"commercial":4,"commercialism":1,"taylor":0,"attracting":1,"attract":4,"attracted":1,"attractions":1,"gift":4,"gifts":1,"nearly":3,"retailers":3,"retail":4,"centers":1,"center":2,"downtown":4,"like":2,"lights":2,"light":4,"midwestern":0,"childhood":1,"marketing":2,"market":3,"estate":1,"hudson":0,"sense":2,"shares":2,"relations":1,"focused":1,"focusing":1,"business":1,"saks":0,"new":1,"fashioned":0,"fashion":1,"cohen":0,"claus predicted":0,"disney":0,"companies":2,"company":3,"tradition":11,"traditions":6,"traditional":3,"past":2,"officially":1,"day":22,"days":1,"economic":1,"fantasies":1,"free":2,"artists":1,"struggling":1,"columbus":0,"whitaker":0,"white":0}],"2017-12-29":[{"retailers":4,"retail":9,"year":18,"years":6,"percent":11,"store":6,"stores":3,"holiday":5,"sales":6,"market":2,"return":8,"returns":5,"according":9,"mezzacappa":0,"new merchandise":1,"companies":1,"company":3,"season":2,"seasonal":0,"said":5,"gift":7,"gifts":1,"customer":3,"customers":3,"technology":2,"cuts":1,"cut":3,"online":4,"americans":0,"digital":1,"psychology":1,"dream":2,"game":2,"leftover":1,"advantage":1,"frequently":2,"outdated":1,"declining":1,"declined":1,"impulse buyers":1,"kors boots":0,"christmas":0,"shopping":3,"shops":1,"shop":6,"overall":1,"spending":2}],"2018-11-09":[{"arbitration":24,"arbitrators":1,"arbitrated":1,"companies":7,"employment":5,"employers":1,"force employees":1,"forcing employee":0,"technology company":1,"facebook said":0,"uber":0,"harassers":1,"class":5,"action":5,"actions":2,"forced":2,"sexual harassment claims":1,"claim":7,"claiming":1,"sexually":1,"disputes":5,"google announced similar":0,"lawsuit":3,"lawsuits":1,"times":0,"time":2,"free":2,"baker":0,"cases":3,"case":5,"corporate":1,"corporations":2,"microsoft changed":0,"including":2,"unpunished":1,"offices":1,"office":3,"university":0,"lori":0,"field":1,"service":1,"judges":2,"judge":3,"spread":1,"card":3,"industry":3,"industrial":0,"new":1,"news":0,"firm":2,"firms":1,"carlson sued":0,"teams began":1,"ago":2,"year":4,"years":2,"change":5,"changes":1,"clauses":5,"clause":6}],"2017-11-22":[{"retailers":6,"retailer":9,"holidays":2,"holiday shopping":1,"said":12,"temporary retail workers":1,"years":2,"year":14,"worker":18,"hired":2,"hiring":8,"hire":5,"market":3,"time":6,"season":12,"seasonal":7,"stores":9,"people like":1,"fewer":4,"hours":6,"hour":7,"home":2,"big":4,"consumer":2,"consumers":1,"walmart":0,"costs":2,"chief":3,"target store":0,"raise":1,"raising":3,"decline":3,"declined":1,"great":1,"disheveled":1,"shoppers":3,"weakness":1,"website":2,"employees":2,"thousands":4,"added":1,"adding":1,"colon":0,"melanie":0,"strategy":1,"industry":5,"job":3}],"2018-09-18":[{"trading":1,"tariffs":18,"tariff":22,"china":0,"said":8,"american":0,"americans":0,"escalating trade":1,"imports":6,"imported":2,"trump":0,"include":2,"includes":1,"including consumer":1,"consumers":7,"prices":8,"price":10,"stores import":1,"products":10,"billion":9,"list":5,"exclusion":3,"retail store":1,"round":6,"new":3,"news":1,"chinese":0,"retailers":0,"noted":1,"note":2,"economic":2,"holiday":3,"holidays":1,"gloves":4,"pain":3,"questions":1,"nylon":1,"washing":1,"percentage":2,"strategies":1,"consequences":1,"largely":1,"household":1,"proved":1,"inflation":2,"additional":2,"companies":3,"company":2,"ross told":0,"punishing":2,"notice":3,"noticeably":1,"vegetables":1,"fruit":1,"nearly":2,"means":1,"mean":2,"bags":2,"chase":0,"tools":1,"impose":4,"imposed":1,"growth":1,"shopping":1,"bearings":1}],"2018-08-28":[{"seritage":0,"sears department":0,"said":10,"retailer":8,"retailers":1,"retail business":1,"estate":8,"company":8,"companies":2,"busy":1,"uses like":1,"financial":4,"stores":12,"store":13,"recent":3,"recently":2,"fund":4,"offices":2,"office":4,"income":3,"support":2,"news":0,"new":2,"operation":2,"operations":1,"operating":2,"including":2,"include":1,"apartment":1,"apart":2,"deck":1,"street":0,"transparent":1,"took":1,"analysts":0,"tech":1,"complete":1,"water":1,"long":2,"big":1,"fla":1,"station":1,"community":2,"avenue":0,"communities":1,"developments":1,"development":6,"price":3,"spokesman":4,"projects":2,"project":3,"related":1,"term":2,"terms":1,"esl":0,"commercial":2,"taking":1,"takes":1,"calif":0,"group":2,"fighting":1,"monica":0,"properties":2,"property":3,"rent":5,"later":2,"york":0,"care":1,"shareholders":4,"investors":4,"shopping center":1,"paid":2,"generate":2,"generated":1}],"2018-04-01":[{"card":8,"stores":8,"store":9,"retailer":3,"retail":8,"retailers":1,"shopping":3,"shop":5,"said":6,"bay":0,"breach":7,"hudson":0,"customers":3,"customer":5,"systems":5,"sale":3,"sales":2,"known breaches":1,"new":1,"year":3,"years":1,"chains":2,"data":5,"hackers":3,"saks":0,"million credit":1,"stolen financial":1,"research firm":2,"online":1,"dropped":1,"called":1,"forces":1,"installed":1,"installs":1,"challenges":1,"executives":1,"executive":2,"researchers":1,"emails":2,"gemini":0,"taylor":0,"company":5,"manhattan":0},{"retailer":14,"retailers":10,"retail":19,"shoppers":6,"shopper":7,"likes":1,"automating store":1,"like inside stores":1,"online":9,"said":9,"automate":8,"automated":4,"automation":3,"checkout":9,"new technologies":2,"amazon":0,"shopping":5,"shops":2,"technology businesses":0,"tech":17,"scan":5,"scanning":1,"jobs":2,"job":5,"customer":5,"customers":4,"states":0,"convenience shop":3,"chief business":1,"chips":3,"companies":3,"company":3,"including":2,"grocery":3,"groceries":2,"privacy":2,"data":4,"help":4,"helping":2,"robots":4,"robotics":0,"manager":1,"management":1,"start":4,"internet":4,"recently":1,"seattle":0,"fertile":1,"campus":1,"conveyors":1,"concerns":1,"concern":2,"kroger":0,"analytics":1,"rush":1,"largest":4,"uses":2,"use":7,"doors":2,"door":3,"high":1,"vice":4,"bags":3,"employees":1,"employee checks":1,"check":11,"frontier":0,"box":1,"boxes":1,"bingo":0,"electronically":1,"electronic":1,"labor":1,"effective":1}],"2017-11-24":[{"":1}],"2018-04-05":[{"target":0,"jobs":4,"job":13,"applicants":5,"applicant":7,"applications":2,"criminal":9,"people":5,"said":12,"include":3,"including":1,"included":1,"hiring":6,"hire":4,"hired":2,"filed":4,"settlement":5,"complaints":5,"years":3,"year":4,"employment":2,"background check":8,"changes":2,"process":4,"fund":3,"checks":4,"according":4,"stocker":3,"calls":1,"called":2,"windsor":0,"delivery":1,"disqualified":1,"agreement":2,"convicted":3,"conviction":2,"convictions":1,"valid":1,"guidelines":2,"court":1,"african":0,"states":0,"district":0,"told":3,"theft":1}],"2018-05-20":[{"sales raising":0,"disney":0,"data":4,"raise":3,"raised":2,"trade":2,"home":6,"homes":3,"adam":0,"european":0,"report":5,"reports":1,"reported":1,"facebook":0,"privacy":2,"meet":5,"meeting":3,"million":9,"protection office":1,"days":1,"day":14,"solo":0,"investments":1,"investment":2,"requires":1,"year":4,"audience":1,"brooks":0,"management":1,"ewingtechnologythe":0,"away":1,"wars":0,"oversight":1,"national":0,"nation":1,"board":1,"investors hopes":0,"remained":2,"rates":4,"rate":6,"results":3,"period":3,"despite":1,"rising":2,"bunch":1,"paul":0,"markets committee":0,"market":1,"baywatch":0,"steven":0,"property":1,"paramount got":0,"violations":1,"federal":0}],"2017-11-10":[{"stores":4,"reported":4,"report":6,"earnings reports":1,"department store":1,"year":7,"percent":4,"season":2,"retailer said comparable":1,"penney":0,"compared":1,"changes":1,"changing retail":1,"sellers":1,"concerns":1,"foot":1,"offerings":1,"retailers":1,"expect":6,"expectations":4,"expected":1,"sales":7,"reset major":0,"decision":1}],"2018-04-20":[{"said":13,"muslims":0,"muslim":0,"includes":1,"including":3,"included":1,"party":4,"ramadan":0,"company":2,"companies":3,"holiday":7,"holidays":2,"goods":3,"good":4,"new":3,"news":1,"decorations":6,"decorating":2,"years":3,"year":7,"feel":4,"children":4,"eid":0,"major":3,"religious":2,"cities like":1,"helps":2,"help":3,"homemade":2,"direct":2,"directed":1,"blue":1,"tablecloths":1,"land":0,"results":1,"giant":1,"america":0,"backed":1,"chain":1,"younger":1,"increasingly":2,"consumer":1,"consumers":1,"recent":4,"recently":2,"islamic":0,"islam":0,"line":6,"customers kept":1,"city":0,"offering":1,"offer":4,"offered":1,"clara":0,"grove":0,"product":2,"products":1,"store":4,"stores":2}],"2017-01-05":[{"store":31,"said":11,"department stores like":1,"retailing":1,"mall":14,"malls":7,"shopping":4,"retail industry":1,"macy":0,"online retailers":1,"end":9,"ended":1,"sales":7,"chains":6,"announced":1,"announcements":1,"locations":4,"location":5,"tjx":0,"anchor":3,"anchors":2,"discount":4,"discounted":1,"discounts":1,"fewer":3,"close":4,"closed":2,"closing":3,"sears":0,"recent":2,"recently":1,"shoes":1,"shoe":2,"fashion":2,"economic":2,"maxx":0,"spa":4,"owns":2,"rent":4,"effort":2,"efforts":1,"les":9,"global":0,"black":0,"foot":1,"heavily":2,"brand":5,"brands":2,"nearly":3,"years":6,"year":8,"sellers":1,"seller":2,"executive":3,"chief":3,"advisors":0,"green":0,"called":2,"need":3,"centers":2,"destinations":2,"finish":1,"finishes":1}],"2017-11-17":[{"stores":9,"store":22,"said":14,"showroom":18,"showrooms":10,"nordstrom":0,"retail":10,"retailers":4,"retailer":5,"online apparel":1,"shop":14,"companies":1,"company":8,"customers":4,"shoppers":7,"shopping mall":1,"purchased":2,"purchase":5,"strategy":2,"sales":4,"sale":5,"customer service":1,"time":8,"times":5,"experience":3,"experiences":1,"experiment":1,"like":7,"purchases especially":0,"spaces":2,"space":4,"foot":4,"ordered":1,"order":4,"services":1,"walmart":0,"urban":1,"place orders":1,"higher":2,"displays":1,"displaying":1,"displayed":1,"stock":3,"prices":2,"firm":4,"year":8,"years":2,"model":3,"design":4,"designed":1,"local":1,"market":2,"patrons":1,"furnishings":1,"property":2,"altered":1,"angeles":0,"caftan":1,"plans":3,"boring":1,"boots":1,"rooms":17,"room":26,"area":2,"areas":1,"opened":3,"opening":1,"according":4,"instant gratification":0,"tightly packed":1,"designers car":0,"selection":2,"chains":3,"older":1,"furniture":2,"bonobos":0,"vice":6,"mass":1,"million":2}],"2017-11-23":[{"":1}],"2017-06-21":[{"campeau":0,"included":1,"include":2,"stores":1,"canadian":0,"states including":0,"allied":0,"debt department store":0,"federated":0,"federal":1,"industry":0,"industrial":1,"french":0,"wife":5,"prime":2,"mining":2,"build":6,"billion":2,"new":2,"news":1,"canada building suburban":0,"community near":1,"company":5,"companies":1,"publicized":2,"homes office":0,"time":3,"times":0,"driver":1,"modest":1,"favored":1,"war":3,"bond":0,"opponents":1,"relationships":1,"relationship":2,"zoning":1,"people":1,"eventually":1,"financial":1,"extravagant":1,"family":2,"trudeau":0,"york":0,"conglomerate":2,"charlotte":0,"admired":1,"street investment":0,"home":4,"business":3,"lived":2,"living":1,"turned":2,"turn":4,"takeovers":1,"rothchild":0}],"2017-10-26":[{"amazon said":0,"cities":20,"city":8,"headquarters":9,"tech":9,"urban":6,"new":3,"boston":0,"likely":4,"pittsburgh":0,"seattle":0,"firm":3,"firms":1,"important":5,"university":1,"universities":1,"rail":2,"offering":1,"offered":1,"offer":8,"offers":3,"stated":1,"state":4,"states":0,"baltimore like":0,"ranked":2,"ranking":1,"rank":5,"buildings":2,"build":5,"costs":3,"cost":6,"washington":0,"community":3,"importance means":0,"public":2,"publicized":1,"american":0,"austin":0,"work":9,"ranks major":1,"talent":7,"technology":3,"companies":3,"company":9,"york":0,"practical":1,"practices":1,"nonstop":2,"retailer":2,"retailers":1,"retail":3,"local coffee":1,"corporate":2,"attractive building":1,"percent":7,"educated talented":0,"force":2,"people working":1,"cincinnati":0,"provides":2,"chicago":0,"philadelphia":0,"factors":4,"baseline":4,"site":2,"highly":3,"square":0,"parlor":1,"national":5,"billion":2,"experts":1,"expert":2,"probably":3,"education":2,"cultural":2,"competitive":1,"competition":1,"north":1,"jobs":3,"area":2,"space":3,"attracts":1,"attract":6,"attractions":1,"attracting":1,"airport":4,"airports":2,"rights":2,"given":1,"specifically":2,"substantial":2}],"2017-10-16":[{"stores":6,"store":15,"retailers":3,"retailer":4,"nordstrom retail chain":0,"online":4,"base":4,"sales":4,"percent":4,"given":3,"potential":2,"company said":1,"recent":3,"companies":1,"market":1,"markets":0,"ended":1,"earnings":2,"customer":2,"customers":1,"includes":1,"including":1,"bankruptcy":1,"bankruptcies":1,"strong":1,"employees":1,"family":5,"real":1,"weishaar":0,"blair":0,"lenders":0,"period lender":0,"year":7,"chains":1,"like":2,"monday":0,"capital":0,"debt financing":1,"warm":1,"shoesource":0,"shopping":1}],"2017-06-13":[{"yahoo":0,"oath":0,"business":5,"businesses":1,"executive":3,"company":5,"verizon called":0,"web":2,"said":5,"phone companies":1,"new":4,"news":1,"phones":1,"wireless":2,"mayer":0,"vice":2,"employees":2,"calif":0,"billion":5,"media":2,"share":2,"shares":1,"stock":2,"price":2,"university graduate students began":0,"like":2}],"2017-10-27":[{"":1}],"2017-02-10":[{"political":12,"politically":1,"politics":1,"companies":10,"company":3,"trump":0,"said":9,"nordstrom":0,"stores":4,"people":6,"department store":6,"bean":0,"business":4,"businesses":1,"like":3,"executive":5,"products":9,"product":10,"consumer":2,"consumers":1,"announcement":1,"announced":1,"environment":3,"campaigns":1,"campaign":5,"brands":2,"brand":7,"resulted":1,"results":1,"handbags":1,"rooms":1,"moved":1,"celebrity":0,"agendas":1,"weak":1,"refugee":2,"refugees":1,"damage":2,"members":1,"social":6,"politicized":2,"list":2,"schweitzer":0,"howard":0,"boycottunderarmour emerged":1,"emerging":1,"states":0,"low":3,"stay":3,"real":2,"labor dangerous":0,"statements":1,"statement":4,"different":1,"difference":1,"double":1,"neutral":1,"professor":1}],"2017-10-29":[{"":1},{"":1}],"2017-12-16":[{"google":0,"like":11,"search":8,"searched":1,"information":9,"informs":1,"online":7,"companies":4,"company":6,"alexa":0,"correcting":2,"correct":4,"correction":1,"people":6,"new":3,"news":1,"help":11,"helpful":1,"technology":3,"katie":0,"said":4,"feedback options":0,"times":1,"appeared":2,"appear":7,"abrams":0,"official":5,"worse":2,"prominent":2,"option":4,"according":3,"weeklong":1,"hours":1,"view":0,"service":1,"app":9,"fixable":1,"number":3,"ronald":0,"text":1,"mariana":0,"speakers":2,"reputationdefender":0,"rachel":0,"misinformation appears":1,"graph":2,"responds":2,"respond":3,"matta":0,"journalistic rabbit":1,"support":2,"process":2,"technical":1,"communications":1,"overhauled":1,"apparently":0,"dystopian":1,"brazil":0,"team":1,"telling":1,"tells":1,"tell":3}],"2014-11-01":[{"":1}],"2017-10-24":[{"retail":16,"retailers":4,"retailing":1,"retailer":6,"store":16,"stores":4,"buildings":2,"wework":0,"bay said":0,"space":11,"property":5,"properties":1,"year":7,"years":2,"investment":2,"invest":5,"shop":8,"shops":1,"real estate":11,"taylor building":0,"physical shopping spaces":1,"lord":0,"market":3,"ago":4,"new":1,"old":8,"price":2,"company":9,"avenue":0,"moves":1,"moving":1,"moved":1,"york":0,"floor":3,"sales":1,"sale":4,"rain":1,"season":1,"executive":2,"online":4,"deal":3,"deals":1,"baker":0,"urban commerce":1,"brands":3,"workers like":1,"firm":2,"increasingly":2,"locations":4,"neumann":0,"chain":2,"gyms movie":0,"prominent":1,"shared":2,"business":2,"hudson":0,"joint":2,"million":3}],"2017-11-25":[{"":1}],"2018-06-23":[{"amazon":0,"likely":1,"said":15,"products":17,"product":29,"national brands like":1,"marketing":3,"markets":1,"customers":10,"customer":14,"labels":4,"retailer":9,"retail":13,"consumer":17,"reviews":12,"reviewing":1,"reviewers":4,"prices":6,"price":11,"pricing":1,"priced":2,"antitrust":7,"good":12,"goods":12,"online market":3,"new brand called":1,"stores":3,"shoppers":5,"shopper":6,"big retailers":0,"research":7,"researchers":2,"private label business":2,"store power":0,"consumers typically":1,"sell":12,"selling":4,"sells":2,"competitor":7,"competitors":5,"law":3,"laws":1,"battery":3,"batteries":6,"search":15,"searches":4,"amazonbasics":0,"years":4,"year":12,"voice":6,"voices":0,"analysts":6,"analyst":8,"argued":2,"arguing":1,"argue":5,"end":14,"powerful":2,"time":3,"massive":2,"program":6,"growing":2,"grows":1,"shirts":3,"shirt":4,"news":1,"vine":0,"tests":1,"test":4,"testing":1,"platform":13,"vendor":6,"pink":2,"position":3,"positioned":1,"positions":1,"nation":6,"playing":3,"marketplace":6,"positive star":1,"sold":6,"small vendors":1,"large":5,"alongside":2,"stars":2,"names":1,"named":1,"alexa":0,"percent lower":1,"says":1,"saying":1,"total":3,"size":4,"nearly":2,"bank":1,"advertising":2,"court":3,"courts":1,"robinson":0,"success":2,"successful":1,"energizer":0,"essentials":0,"essentially":1,"dog":2,"cases":2,"conducted":1,"conduct":4,"challenge":3,"challenged":1,"different":4,"ago":2,"including":1,"include":2,"school":0,"away":4,"legal":5,"company":10,"companies":1,"costs":1,"cost":7,"box":2,"word":5,"monopolization case":2,"cap":2,"home":2,"shopping":2,"shop":9,"possibility":1,"possible":3,"goodthreads":0,"apparel":4,"pays":1,"paying":2,"food":4,"firm":4,"bear":0,"drum":1,"executives":1,"executive":3}],"2017-08-04":[{"saks":0,"offerings":1,"offers":1,"offered":1,"offer":8,"sells":1,"sell":6,"salt":10,"salts":1,"treatment":7,"new":4,"wellness":8,"selling skis":1,"features kiosks offering":1,"nail treatments":1,"juice":3,"juices":1,"fitness":4,"stores":3,"floor":7,"floors":1,"chains":1,"chain":4,"fat":2,"flagship store":3,"metrick":0,"retail":2,"energy":2,"people":3,"featuring":1,"plans":2,"plan":3,"recently":2,"therapy":2,"said":8,"workouts":1,"workout":2,"studio":2,"end":3,"assortment":1,"assorted":1,"called":3,"calling":2,"set":1,"boosting":1,"wear":2,"mcqueen":0,"executive":2,"executives":1,"investor":2,"land":0,"ski":4,"department":5,"buildings":0,"build":1,"away":2,"block":2,"blocks":1,"memory increased":0,"saleswoman idly":1,"hidden speakers":1,"boot":3,"organic cabbage":1,"fifth":1,"boutique":2,"soon":1,"piano":1,"skin":2,"lungs":1,"lighting":1,"consumer":1,"percent sodium chloride":1,"colored":1,"color":2,"eye":1,"microcrystalline":1,"better":2,"music":1,"improve":0}],"2017-04-30":[{"amazon":0,"clothing":14,"apparel shopping":2,"said":9,"retail":11,"retailers":4,"retailer":7,"custom":14,"customers":5,"customer":9,"years":2,"year":10,"fashion":2,"software":2,"online":3,"measurements":6,"measures":1,"looking":1,"look":6,"looks":1,"according":4,"allowing":2,"selling":2,"sell":8,"sells":1,"store":3,"stores":1,"fit":7,"estimates":2,"estimated":2,"seller":3,"sellers":2,"research":3,"sales":5,"books":1,"green":0,"independent":3,"anthropologists":1,"person":4,"shoppers":5,"book market":2,"good":2,"goods":1,"chief executive":2,"intelligence":0,"intelligent":1,"considered":3,"considering":1,"makers":1,"maker":2,"like":1,"biggest":2,"returns":3,"returned":2,"indochino":0,"internet":4,"group":2,"brands":3,"executives":1,"open":2,"opened":1,"closings":1,"company":11,"buying":3,"declined":3,"accounting":1,"accounts":2,"account":4,"manufacturers":1,"manufacturing":2,"nearly":1,"sweaters":1}],"2017-02-01":[{"watson":0,"tax":17,"taxes":3,"businesses":2,"ibm":0,"block":0,"business companies including":0,"assistant said":0,"assisting":1,"assistants":1,"assist":5,"like helping":1,"help":4,"question":5,"research company":1,"customer questions":1,"customers":2,"revenue":3,"software":5,"clients":4,"market":3,"include":1,"data":2,"artificial intelligence technology":2,"consumers":1,"consumer":3,"increasing":1,"vast":1,"language":1,"mobile":1,"offices":2,"office":3,"executives":1,"executive":2,"work":5,"working":2,"works":1,"occupations household":0,"retail experience":1,"idc":0,"product":2,"products":1,"analysts":1,"analyst":3,"david":0,"filing":1,"file":4,"kenny":0,"suggests":1,"suggested":1,"suggestions":2,"corporate":3,"corporations":1,"new":4}],"2015-11-14":[{"":1}],"2016-11-04":[{"said":15,"new":6,"cupertino":0,"growth":9,"council":0,"san":0,"people":10,"developers":1,"development":3,"developer":2,"vallco":0,"hills":1,"hill":1,"project":5,"projects":1,"mile":2,"miles":1,"town":4,"mall called":1,"sand":0,"palo":0,"jose":0,"voters":4,"office":9,"offices":1,"clara":0,"santa":0,"retail":1,"apple":0,"large":3,"largely":1,"includes":1,"include":3,"included":1,"including":1,"silicon":0,"landscape":1,"leonard":0,"land":4,"pushing":1,"start":4,"home":4,"city":3,"cities":2,"estates":1,"limit":3,"real estate":1,"height limits":1,"term":3,"long":3,"square":5,"apartments":2,"green":1,"generating":1,"low annual":1,"roof":1,"campus":3,"ballot":3,"negative":1,"demands":1,"demand":2}],"2016-11-24":[{"said":19,"shopping":5,"retailers":2,"retail":5,"retailer":3,"stores":4,"store":11,"friday":0,"customers":6,"customer":6,"tattoo":5,"tattoos":1,"business":2,"busy":1,"boot":4,"boots":3,"piece":2,"old":7,"discount":4,"discounts":2,"black":1,"western wedding":0,"deals":5,"deal":7,"like":4,"likely":1,"major":2,"majority":1,"spend":5,"spending":1,"sales":3,"sale":4,"vegas":0,"shoe":2,"police":1,"shane":0,"evening":1,"cindy":0,"manager":2,"great":2,"people":1,"austin":0,"twitter":0,"site":1,"bonding":1,"showing":2,"ordering":1,"coupons":1,"tatt":5,"reinoso":0,"york":0,"times":0,"time":2,"year":8,"years":2,"previous":2,"smith":0,"sproul":0,"day":21,"nick":0,"preferably pairs":1,"madiganas":0,"pair":4,"deadpool":0,"nearby":1,"david":0,"originally":1,"original":2,"white":1,"samsung":0,"tvs":0,"start":2,"starts":1,"neighbor":2,"vans":0,"van":2,"man":5}],"2016-01-28":[{"amazon":0,"quarter":12,"quarters":1,"said":5,"company":6,"store":3,"stores":2,"market":3,"markets":0,"expected":3,"expectations":5,"expect":9,"share":5,"shares":1,"percent":9,"growth":3,"billion":7,"analyst":4,"analysts":2,"profit":4,"profits":1,"wall":0,"investors":1,"walmart":0,"bit":2,"feeding":1,"immediately":1,"traditional":0,"jaffray":0,"optimistic":2,"revenue":4,"operating":0,"unit":2,"results":3,"estimated":3,"estimate":4,"numbers":3,"correction":2}],"2015-04-29":[{"twitter":0,"advertisers":8,"advertising":2,"advertiser":9,"growing like":1,"time said":0,"brand":6,"brands":4,"market":3,"timing":1,"times":1,"conversation":4,"sales":3,"percent":3,"platform":6,"platforms":3,"relevant":4,"marketing agency":1,"direct":5,"direction":1,"response":4,"company":6,"results":3,"result":4,"ads":5,"disclosed":1,"disclose":2,"expectations":1,"revenue":2,"spotify":0,"asked":1,"ask":3,"credit":2,"teenage":1,"examples":1,"example":2,"store":1,"big":1,"grow":5,"freeman":0,"quarter":4,"quarters":1,"agencies":1,"networking":1,"network":1,"having trouble":1,"college basketball":1,"service":2,"ride":1,"campaigns":2,"campaign":5}],"2015-11-26":[{"workers":12,"retailer":8,"retail":11,"retailers":1,"sales":8,"american":0,"store":10,"stores":4,"plan":3,"planning":1,"planned":1,"employee":4,"making":1,"makes":1,"said":13,"wage":4,"wages":3,"like":3,"likes":1,"companies":1,"company":2,"walmart":0,"groups":3,"hourly employees":1,"friday":0,"working":3,"works":1,"reported":2,"seasonal":1,"season":3,"restocking":1,"underground":1,"espresso":1,"air":1,"ship":1,"savannah":0,"mannequins":1,"mannequin":2,"busy":1,"new":1,"manager":2,"management":1,"merchandise":1,"merchandising":1,"denoto":0,"holiday":3,"santos":0,"inventory":1,"angeles":0,"labor":2,"times":1,"time":4}],"2014-11-14":[{"said":25,"retailers":8,"retailer":9,"retail":11,"stores":13,"store":18,"customers":7,"customer":8,"walmart":0,"walmarts":0,"holiday":13,"holidays":2,"thanksgiving":0,"percent":5,"closed":10,"close":12,"black":0,"year":9,"years":3,"push":3,"pushing":2,"started closing":1,"gamestop":0,"open":34,"opened":3,"opening":4,"season":5,"executive vice":1,"kmart":0,"change":3,"changed":2,"workers":4,"start":3,"competitive":3,"competitively":1,"earlier":2,"poll":1,"workweek":0,"game":2,"games":1,"day":34,"days":5,"appelbaum":0,"employees work":1,"working":1,"state":0,"garden":0,"coat":0,"factory":0,"demerits":1,"people":2,"plan":7,"plans":3,"planned":2,"decided":3,"american":0,"americans":0,"chief financial":1,"financially":1,"radioshack":0,"bed":0,"company":6,"companies":2,"waiting":1}],"2015-06-10":[{"retailer":3,"retail":7,"retailing":1,"retailers":0,"fashion":6,"crew store":0,"stores":6,"said":7,"drexler":0,"year":8,"years":2,"customer":5,"customers":4,"bright pink":1,"executives":2,"executive":3,"sale":6,"sales":4,"nordstrom":0,"sweater":4,"lines":2,"line":5,"growth":4,"price":3,"pricing":1,"wear":4,"wearing":1,"chain":3,"chains":1,"end":8,"company":6,"recent":3,"bargain":2,"credited":1,"credit":2,"green":0,"industry":2,"assessment":1,"print":1,"buyout":2,"jauntily":1,"fabulous":1,"challenges":1,"challenge":2,"sherman":0,"hand":4,"bad":3,"brand":4,"brands":1,"old":3,"private equity firms":1,"gray cashmere":1,"run":2,"running":1,"problems":2,"horizontal striped":1,"jcrewismyfavstore":1,"blue":3,"discounted":1,"discount":1,"shirt":4,"shirts":3,"clothing":2,"clothes":1,"crisp tailored":0,"like":3,"performance":2,"performer":1,"strongest":2}]},["https://www.nytimes.com//2018/06/13/business/macys-homeless-shelter.html","https://www.nytimes.com//2018/02/08/business/macys-hijabs.html","https://www.nytimes.com//2017/11/22/business/macys-retail-real-estate.html","https://www.nytimes.com//2017/11/09/business/macys-earnings.html","https://www.nytimes.com//aponline/2018/11/26/business/ap-financial-markets-stocks.html","https://www.nytimes.com//reuters/2018/11/27/business/27reuters-usa-holidayshopping-analysis.html","https://www.nytimes.com//reuters/2018/11/27/business/27reuters-usa-holidayshoppin-analysis.html","https://www.nytimes.com//reuters/2018/11/20/business/20reuters-kohls-results.html","https://www.nytimes.com//reuters/2018/11/19/business/19reuters-l-brands-results.html","https://www.nytimes.com//reuters/2018/11/23/business/23reuters-usa-holidayshopping-blackfriday.html","https://www.nytimes.com//reuters/2018/11/20/business/20reuters-target-results.html","https://www.nytimes.com//aponline/2018/11/22/business/ap-us-business-highlights.html","https://www.nytimes.com//2018/01/12/business/holiday-retail-sales.html","https://www.nytimes.com//reuters/2018/11/26/business/26reuters-usa-holidayshopping-cybermonday.html","https://www.nytimes.com//aponline/2018/11/23/business/ap-us-business-highlights.html","https://www.nytimes.com//2017/12/21/business/holiday-windows.html","https://www.nytimes.com//2017/12/29/business/holiday-shopping-13th-month.html","https://www.nytimes.com//2018/11/09/technology/facebook-arbitration-harassment.html","https://www.nytimes.com//2017/11/22/business/retail-holiday-shopping.html","https://www.nytimes.com//2018/09/18/business/trump-consumers-trade-war.html","https://www.nytimes.com//2018/11/22/business/black-friday.html","https://www.nytimes.com//2018/08/28/business/sears-seritage-edward-lampert.html","https://www.nytimes.com//2018/04/01/technology/saks-lord-taylor-credit-cards.html","https://www.nytimes.com//2017/11/23/business/black-friday-thanksgiving-shopping.html","https://www.nytimes.com//2018/04/05/business/target-retail-hiring-bias.html","https://www.nytimes.com//2018/05/20/business/zuckerberg-europe-data-privacy.html","https://www.nytimes.com//2017/11/10/business/jc-penney-sales-earnings.html","https://www.nytimes.com//2018/04/20/business/ramadan-party-city-decorations.html","https://www.nytimes.com//2017/01/05/business/department-stores-macys-sears.html","https://www.nytimes.com//2017/11/17/business/retailers-showrooms.html","https://www.nytimes.com//interactive/2017/11/22/business/store-hours-thanksgiving-black-friday.html","https://www.nytimes.com//2017/06/21/business/obituary-robert-campeau-dead-bloomingdales.html","https://www.nytimes.com//2017/10/26/business/amazon-headquarters-competition.html","https://www.nytimes.com//2018/04/01/technology/retailer-stores-automation-amazon.html","https://www.nytimes.com//2017/10/16/business/nordstrom-private.html","https://www.nytimes.com//2017/06/13/technology/yahoo-verizon-marissa-mayer.html","https://www.nytimes.com//2017/04/15/business/from-zombie-malls-to-bonobos-americas-retail-transformation.html","https://www.nytimes.com//2017/02/10/business/nordstrom-trump.html","https://www.nytimes.com//2014/11/02/business/for-macys-a-makeover-on-34th-street.html","https://www.nytimes.com//2017/12/16/business/google-thinks-im-dead.html","https://www.nytimes.com//interactive/2014/11/02/business/macys-original-article.html","https://www.nytimes.com//2017/10/24/business/lord-taylor-wework.html","https://www.nytimes.com//2017/11/24/business/black-friday.html","https://www.nytimes.com//2018/06/23/business/amazon-the-brand-buster.html","https://www.nytimes.com//2017/08/04/business/saks-salt-room-bootcamp.html","https://www.nytimes.com//2017/04/30/technology/tipping-point-for-amazon-in-apparel.html","https://www.nytimes.com//2018/01/12/technology/jeff-bezos-amazon.html","https://www.nytimes.com//2017/02/01/technology/ibm-watson-tax-return.html","https://www.nytimes.com//interactive/2015/11/15/business/15saks-gimbel-timeline.html","https://www.nytimes.com//2016/11/05/technology/silicon-valley-california-growth.html","https://www.nytimes.com//2016/11/25/business/black-friday-deal-shopping.html","https://www.nytimes.com//2017/08/11/business/the-incredible-shrinking-sears.html","https://www.nytimes.com//2016/01/29/technology/amazon-earnings.html","https://www.nytimes.com//2015/04/30/technology/twitter-troubles-lie-in-marketers-reluctance-to-buy-new-kind-of-ad.html","https://www.nytimes.com/http://bits.blogs.nytimes.com/2015/09/14/stripe-introduces-new-tools-to-simplify-mobile-shopping/","https://www.nytimes.com//2015/11/27/business/black-friday-retail-workers-try-to-make-the-most-of-a-shopping-slump.html","https://www.nytimes.com//2014/11/15/business/some-retailers-are-promoting-their-decision-to-remain-closed-on-thanksgiving.html","https://www.nytimes.com//2015/06/11/business/j-crew-flounders-in-fashions-shifting-tides.html"]]